"Applies to Edge Types","","","","","","","","","","","","","","","""Valid"" - Must put one of these values
""Recommened"" - Recommend this value but any value is accepted
""NA"" - not applicable because there isn't a contrained set of valid or recommened values (numbers, names, etc.)","List the Allowed/Recommended Values
(if applicable)
Use ""-"" + ""definition text"" and next line for adding a definition for a value","","","","","",""
"road","sidewalk","footpath","crossing","traffic_island","steps","escalator","bikeway","multi_use_path","trail","ramp","virtual_link","Name","Description","Type","Valid","Listed Values","Example","Provenance","OSM Mapping","Notes","Internal Notes","Proposal For Change"
"required","required","required","required","required","required","required","required","required","required","required","required","edge_id","A unique identifier for the edge. 

[NOTE: We will fill in instructions here on how to generate IDs, and we will also provide a data validator that may be capable of validating and helping to fill in these IDs.] ","ID","NA","","","OSW","id","","",""
"forbidden","optional","optional","optional","optional","optional","optional","required","required","optional","forbidden","required","road_associated","Specifies if the edge is adjacent or associated to a road.","Boolean","Valid","yes
no","","","","Might be able to be created through spatial analysis but intended to help add road attributes (street name, speeds, traffic volume) to the feature to aid with routing.","","Strike--true if reference_ids contain a road ref"
"optional","optional","optional","optional","optional","optional","optional","optional","optional","optional","optional","optional","reference_ids","Can be used to add reference IDs to other datasources such as OSM, OpenLR, ARNOLD, HMPS, TIGER, Census road network, OSM, etc.). Should be an array of JSONs with the source name and ID pair. Each JSON should contain an ID field and source field at minimum. Can add other attributes such as the beginning and ending milepost from a linear referencing system.","Array<Object>","NA","","[ 
{ ""source"": ""OpenStreetMap"", ""id"": ""w1234"" }, 
{ ""source"": ""TIGER"", ""id"": ""110739476769"" } 
{ ""source"": ""ARNOLD"", ""id"": ""140"", ""begin_mi"": 2.3, ""end_mi"": 4.5}
] ","Overture's Source Field","","","Clarify: can this be used to align the geometry of e.g. a sidewalk edge with a road? Should it?",""
"required","optional
T2:required","optional","optional
T2:required","optional","optional","optional","optional
T2:recommended","optional
T2:recommended","optional
T2:recommended","forbidden","forbidden","street_name","Specifies the name of a road or the road associated with the edge, such as the street along which a sidewalk or cycleway runs. In many cases, routing engines can fill in the closest street name for travelers to see. Use this field to specify the associated street explicitly or to correct an error within routing engines. ","Text","NA","","""Maple Avenue""","","","","",""
"forbidden","optional","optional","optional","optional","optional","optional","optional
T2:recommended","optional
T2:recommended","optional
T2:recommended","forbidden","forbidden","facility_name","The common name for this edge, by which travelers might recognize it. ","Text","NA","","""Atlanta Beltline"", ""Washington and Old Dominion Trail"", ""Minutemen Bikeway"", ""Lenape Trail"", ""East Coast Greenway""","","","","Makes sense but ill-defined?",""
"required","required","required","required","required","required","required","required","required","required","required","required","edge_type","Identifies the edge type. Also used for assigning attributes that need to be filled in.","Enum","Valid","(Same as Edge Types)","","","","","",""
"optional
T2:required","optional
T3:recommended","optional
T3:recommended","optional
T3:recommended","optional
T3:recommended","optional
T3:recommended","optional
T3:recommended","optional
T2:required","optional
T2:required","optional
T2:required","optional
T2:required","optional
T2:required","from_node","This field is used to identify the node where an edge begins. This information is needed for routing. Value needs to be from the nodes table in the node ID field.","ID","NA","","","OSW","node id","If not set, implementers should try a spatial join to the nodes table to attempt to resolve.","Clarify: if this is set but the spatial data doesn't align with the node specified, which controls?",""
"optional
T2:required","optional
T3:recommended","optional
T3:recommended","optional
T3:recommended","optional
T3:recommended","optional
T3:recommended","optional
T3:recommended","optional
T2:required","optional
T2:required","optional
T2:required","optional
T2:required","optional
T2:required","to_node","This field is used to identify the node where an edge ends. This information is needed for routing. Value needs to be from the nodes table in the node ID field.","ID","NA","","","OSW","node id","If not set, implementers should try a spatial join to the nodes table to attempt to resolve.","Clarify: if this is set but the spatial data doesn't align with the node specified, which controls?",""
"required","optional","optional","optional","optional","optional","required","required","optional","optional","optional","optional","directionality","Specifies the directionality of the edge. If the edge is bidirectional, choose “both.” Used to help identify when bicycle infrastructure allows traffic in both directions. If left blank, then assumes ""both"".","Enum","Valid","forward
backward
both","","OSM","oneway","","Only valid if from_node and to_node are set?

How does the specification handle conditional oneway restrictions based on method of travel? For example, if an edge is oneway for bicycles, but bidirectional for pedestrians?
","Apply some kind of OSM-open-hours-like structure to this or sets of attributes?"
"optional","optional
T2:required","optional
T3:required","optional
T2:required","optional
T3:required","optional","optional","optional
T2:required","optional
T2:required","optional
T3:required","optional
T3:required","forbidden","width","Generalized width of the edge that best characterizes the width across its length. Measured in inches and rounded to the nearest inch. Cannot be negative.

Note that it is assumed that 80"" of height clearance is available for the full width given in this field.","Integer","NA","","30","OSW","","","",""
"","","","","","","","","","","","","height_max_passable","The passable height of the edge at the point where it is the shortest. Measured in inches and rounded to the nearest inch. Cannot be negative.","Integer","NA","","80","","","Made a note to add this along with the issue taxonomy edits. I slipped the word ""passable"" into field names for this and width_min to clear up ambiguity/interpretability about whether max height is the highest point or the highest passable point. - Jay","",""
"optional","optional
T3:recommended","optional
T3:recommended","optional
T3:recommended","optional
T3:recommended","optional","optional","optional
T3:required","optional
T3:recommended","optional
T3:recommended","optional
T3:recommended","forbidden","width_min_passable","The passable width of the edge at the point where it is narrowest. Measured in inches and rounded to the nearest inch. Cannot be negative.","Integer","NA","","28","","","","",""
"optional","optional","optional","optional","optional","optional","optional","optional","optional","optional","optional","optional","width_tolerance","Used to specify the tolerance of the width measurement in inches. Everything along the edge should be within +/- of this width.","Integer","NA","","1","","","","",""
"optional
T2:recommended
T3:required","optional
T3:recommended","optional
T3:recommended","optional","optional","optional","optional","optional","optional","optional","forbidden","forbidden","bridge","Indicates if the edge is or is on a bridge. Can be used for any bridge type, including road bridges and pedestrian bridges. Reccomend marking roads with bike lanes that are bridges.","Boolean","Valid","yes
no","","","","Could this be inferred if altitude is set to anything > 0? Do we want to track clearance, e.g. under the bridge?","","To Remove, replaced by ""above_below_grade"""
"","","","","","","","","","","","","tunnel","Indicates the edge represents an underground path. Can be used for things like tunnels and underpasses. ","Boolean","Valild","yes
no","","","","","","Proposal to add
Second proposal: to Remove, replaced by ""above_below_grade"""
"","","","","","","","","","","","","above_below_grade","Height of path above/below grade. 

For uncertain heights, use an appropriately signed ""0"" or ""1""--e.g. 0 for ""at grade"", 1 for above grade, -1 for below grade. Or, if the path is 10 feet above grade, ""10""","Integer","N/A","","-1","","","","","To add, replace ""bridge"" and ""tunnel"""
"","","","","","","","","","","","","building_level","Level of the building or structure the path is on, as labelled for users inside the building. 

Intended to capture the fact that often floor 1 isn't the level at-grade and sometimes buildings skip floors or label below-grade floors ""B"" or ""SB"".","Text","N/A","","B","","","","","Add"
"optional","optional
T2:recommended
T3:required","optional
T2:recommended
T3:required","optional
T2:recommended
T3:required","optional
T2:recommended
T3:required","optional
T2:recommended
T3:required","optional
T2:recommended
T3:required","optional
T2:recommended
T3:required","optional
T2:recommended
T3:required","optional
T2:recommended
T3:required","optional
T2:recommended
T3:required","forbidden","status","Most recent operating status of the segment. Whether the infrastructure is open and available for use.

Default is ""open""","Enum","Valid","open, closed, under construction, planned, unknown","","","","","","Align with nodes field proposal for ""check_date"""
"optional","optional
T3:recommended","optional
T3:recommended","optional
T3:recommended","optional
T3:recommended","optional","optional","optional
T3:recommended","optional
T3:recommended","optional
T3:recommended","optional","forbidden","date_built","Indicates when the facility was officially opened for use. If the facility has had a major remodeling where the structure, shape or another fundamental aspect was changed, the date of remodeling can be placed here. Report in RFC 3339 format containing day, month and year, or just month and year or year if day or month is not available.","Date","NA","","2025-03
2014","","","","","Align with nodes field proposal for ""check_date"""
"optional","optional
T3:recommended","optional
T3:recommended","optional
T3:recommended","optional
T3:recommended","optional","optional","optional
T3:recommended","optional
T3:recommended","optional
T3:recommended","optional","forbidden","check_date","The date that this infrastructure was last inspected. Report in RFC 3339 format containing day, month and year, or just month and year or year if day or month is not available.","Date","NA","","2025-03
2014","","","","","Align with nodes field proposal of the same name"
"optional
T3:recommended","forbidden","forbidden","forbidden","forbidden","forbidden","forbidden","forbidden","forbidden","forbidden","forbidden","forbidden","curb_height","Indicates typical height of the curb along this segment of the road; can be used in deciding whether to route specific pedestrians off the sidewalk when there are obstructions or discontinuities. Measured and rounded to the nearest inch. Cannot be negative.","Integer","NA","","","","","","",""
"forbidden","forbidden","forbidden","forbidden","forbidden","forbidden","forbidden","forbidden","forbidden","optional
T3:recommended","forbidden","forbidden","official","Indicates whether a trail has been officially designated by a government body or other recognized organization, with a string of the name of the recognizing body and/or a URL to the source/reference to the recognition for users to validate/verify/see additional information.","List<Text>","NA","","[""https://greenway.org/route-map""]
[""East Coast Greenway Alliance""]","","","","Add note about what satisfies ""official""?",""
"forbidden","optional","optional","optional","optional","optional","optional","optional","optional","optional","forbidden","forbidden","presence","Indicates whether the piece of infrastructure exists or is present. When other attributes are provided, the existence of the infrastructure can be assumed. This attribute is useful for identifying where a sidewalk or a crossing might be missing or where its presence is unknown. Conditionally required if no other identfiying fields supplied.","Enum","Valid","yes, no, missing, unknown","cycleway:left:presence=yes, cycleway:right:buffer:presence=yes","","","","Example doesn't match the description--clarify one or the other or both?",""
"optional","optional
T2:recommended","optional
T3:recommended","optional
T2:recommended","optional
T3:recommended","optional","optional","optional","optional
T3:recommended","optional
T3:recommended","optional","optional","measured_length","The measured length of the edge in feet. 

Note that geospatial data also contains a length attribute by default that may be useful in some cases. Measuring the traversable length of the segment is preferable.","Float","NA","","","","","","",""
"forbidden","forbidden","forbidden","forbidden","forbidden","forbidden","forbidden","required","forbidden","forbidden","forbidden","forbidden","bikeway_type","Common name used for the bicycle facility type. Should align with the National Bikeway Network, NACTO, or AASHTO facility types.","Text","Recommended","Bike Lane
Buffered Bike Lane
Separated Bike Lane
Counter-Flow Bike Lane
Paved Shoulder
Shared Lane ","","","","","What if we just make the categories more generic and have a ""features"" attribute where we can add one or more of these ""tags"" that modify the element? 

So it's just ""bike lane"" as the overarching type, but then the features can include ""separated, contraflow, buffered"" etc.",""
"forbidden","forbidden","forbidden","forbidden","forbidden","forbidden","forbidden","optional
T2:recommended
T3:required","forbidden","forbidden","forbidden","forbidden","bikeway_grade_separation","The vertical level of the bikeway with respect to the road. Not meant for bikeways that are not road associated.","Enum","Valid","at_grade
raised
sidewalk_level","","","","","the city of philadelphia has introduced curbless streets, where sidewalks are ""at_grade"". This means that for cycle tracks which are located in curbless streets, it would be confusing on whether they should be identified as at_grade or sidewalk_level",""
"forbidden","optional
T3:recommended","optional
T3:recommended","optional","optional","optional","optional","optional
T1:recommended
T2:required","optional","optional","forbidden","forbidden","separation_elements","The materials used to separate the cycleway or footpath from motor vehicle traffic -- for example, as part of a buffer.","Array<Text>","Recommended","bollards
concrete barrier
parking
median
trees ","[""bollards"",""concrete barrier""]","","","","",""
"forbidden","optional","optional","optional","optional","optional","optional","optional
T1:recommended
T2:required","optional","optional","forbidden","forbidden","separation_permeable_car","Can a vehicle easily access this edge? Primarily intended for bikeways but could be used for pedestrian facilities.","Enum","Valid","hard separator:  the separator cannot be easily bypassed by motor vehicles (jersey barriers, curbs)

soft separator: the separator can be easily bypassed by motor vehicles (flex posts, k-rail) 

none: no separator is present (just paint separation) ","","","","","Merge with/add to seperation_elements?",""
"forbidden","optional
T3:recommended","optional
T3:recommended","optional","optional","optional","optional","optional
T3:recommended","optional","optional","forbidden","forbidden","buffer_width","Distance between the edge of the motor vehicle travel lane and the bike lane or sidewalk. Measured in feet and rounded to the nearest half foot. Cannot be negative.","Float","NA","","4","","","","",""
"forbidden","optional","optional","optional","optional","optional","optional","optional
T3:recommended","optional","optional","forbidden","forbidden","street_parking","Field intended to indicate orientation of street parking in relation to a bike facility. Floating street parking is also referred to as parking protected.","Enum","Valid","parallel 
angled 
floating: Also known as parking protected. Put this value if present regardless if parking is parallel/angled parking. ","","","","","Do we need to know which side the parking is?",""
"forbidden","optional","optional","optional","optional","optional","optional","optional
T2:recommended","optional","optional","forbidden","forbidden","street_parking_buffer","The space between a bicycle facility and the street parking. Measured in feet and rounded to the nearest half foot. Cannot be negative.","Float","NA","","","","","","It's best practice for a given key to represent only one property. If the orientation of street parking relative to the bike facility is relevant, the key should clearly reflect this (by being named `street_parking_orientation`) or the property of floating-ness should be either its own key (`parking_protected=yes|no`) or be wrapped into a key describing separation type (as in `separation_elements=parking` defined above, which this `floating` value duplicates)",""
"forbidden","forbidden","forbidden","forbidden","forbidden","optional
T3:recommended
T4:required","forbidden","forbidden","forbidden","forbidden","forbidden","forbidden","wheel_channel","Whether there is a wheel channel to allow for pushing a bicycle up the stairs.","Boolean","Valid","yes, no","","","","Only valid on stairs?","",""
"optional
T4:recommended","forbidden","forbidden","forbidden","forbidden","forbidden","forbidden","forbidden","forbidden","forbidden","forbidden","forbidden","traffic_volume","Measures the motor vehicle annual average daily traffic (AADT) for the edge. Reported with no more than two significant figures. Cannot be negative.","Integer","NA","","1,540 would be 1,500","","","Might be nice to have metadata about the source","In addition to including motorized traffic volume, suggest to add Bike/Ped volume
","Rename ""mv_traffic_volume"" to make it clear this is for motor vehicles"
"optional
T4:recommended","forbidden","forbidden","forbidden","forbidden","forbidden","forbidden","optional","optional","optional","forbidden","forbidden","posted_speed_limit","Used to indicate the posted speed limit. Measured in miles per hour. Cannot be negative. If used on bikeway, multi-use path, or trail, it's assumed that is the speed limit for non-motorized users.","Integer","NA","","","","","I this would be an extension? Can put in 85th percentile speed or a generic prevailing speed value to detail the actual speed of cars on a road if they differ from the speed limit?

Keep source in metadata","",""
"optional
T4:recommended","forbidden","forbidden","forbidden","forbidden","forbidden","forbidden","forbidden","forbidden","forbidden","forbidden","forbidden","mv_freeflow_speed","Used to indicate the free-flow motor vehicle speed. Suggest using the 85th percentile. Measured in miles per hour. Cannot be negative.","Integer","NA","","","","","Keep source in metadata","",""
"optional
T4:recommended","forbidden","forbidden","forbidden","forbidden","forbidden","forbidden","forbidden","forbidden","forbidden","forbidden","forbidden","thru_lanes","Describes the number of vehicle thru lanes on an edge. Does not include turn lanes or shoulders. Cannot be negative.","Integer","NA","","","","","","",""
"optional
T4:recommended","forbidden","forbidden","forbidden","forbidden","forbidden","forbidden","forbidden","forbidden","forbidden","forbidden","forbidden","aux_lanes","Describes the number of temporary vehicle lanes like turn lanes. Cannot be negative.","Integer","NA","","","","","","So right and left turn lanes would be aggregated?",""
"optional
T4:recommended","forbidden","forbidden","forbidden","forbidden","forbidden","forbidden","forbidden","forbidden","forbidden","forbidden","forbidden","shoulder_width","Width of the paved shoulder that can be used by pedestrians or cyclists. Measured in feet with one decimal point of precision. Cannot be negative.","Float","NA","","1.5","","","","Do we need to tag side of edge/road?",""
"","","","","","","","","","","","","markings","Markings that deleniate or mark the area of the road/edge for bikes, peds or MVs

Any of the descriptors can be prefixed with a side of the edge, e.g. ""left:"" or ""right:""","Array<Text>","Recommended","green_paint
sharrows
edge_lines

centerline
ped_lane
bike_lane","left:ped_lane, edge_lines, centerline","","","","","To Add"
"optional
T4:recommended","forbidden","forbidden","forbidden","forbidden","forbidden","forbidden","forbidden","forbidden","forbidden","forbidden","forbidden","roadway_centerline","Indicates if there is a painted road centerline. Might be a useful attribute to track for finding low-stress streets.","Boolean","Valid","yes
no","","","","","Montgomery County uses center line presence in their LTS methodology (https://montgomeryplanning.org/wp-content/uploads/2017/11/Appendix-D.pdf)

Change into list of roadway markings in general?","Remove in place of ""markings"""
"forbidden","forbidden","forbidden","forbidden","forbidden","forbidden","forbidden","forbidden","optional
T2:recommended","forbidden","forbidden","forbidden","mup_modal_delineation","Designates whether bikes and pedestrians have designated spaces on a multi-use/shared-use path, or whether all travelers use the same space.","Boolean","Valid","yes
no","no","","","","Need help with attribute name

What if we collapsed markings into an array of enums? So one could be sharrows, modal designation, centerlines, etc.
","Remove in place of ""markings"""
"optional","optional","optional","optional","optional","optional","optional","optional","optional","optional","optional","optional","prohibited_uses","Specifies which types of users are legally prohibited from using the facility, based on the laws, policy, or signage on a facility (ex. “E-bikes prohibited on this trail”). Can provide one or multiple in list form.","Array<Enum>","Valid","walk
bike
ebike
scooter
NEV
motor_vehicle","","","","","Changed to prohibited uses. These should be really general. We can have another field to describe more specific restrictions like Class 1 ebikes only. Time based uses could be implemented in an extension file in a future version to account for regularly scheduled closed streets.
",""
"optional","optional","optional","optional","optional","optional","optional","optional","optional","optional","optional","optional","allowed_uses","Specifies exceptions to the usually prohibited users. Intended for designating whether bikes are allowed to use sidewalks, footpaths, and crossings for routing purposes.","Array<Enum>","Valid","walk
bike
ebike
scooter
NEV
motor_vehicle","Bicycles normally prohibited from using the sidewalk but the sidewalk is a critical edge for connectivity.","","","","These default access restrictions per edge type need to be explicitly documented somewhere.

Also maybe clarify: it sounds like the logic is everything is permitted except prohibited_uses, but then subtract (allow) allowed_uses?
",""
"","","","","","","","","","","","","restricted_access","Any restrictions on general access to this edge/path for any mode. This field should be set recognizing the intended audience of the dataset is most commonly the general public--so even if most users, e.g. club members, would be expected to have the required permits/passes/codes, marking the infrastructure appropriately with this field communicates to the general public this is not a publicly-accessible path.","Array<Text>","Recommended","private
access_code_required
membership_required
permit_required","","","","","","To add"
"forbidden","forbidden","forbidden","optional
T3:recommended","forbidden","forbidden","forbidden","forbidden","forbidden","forbidden","forbidden","forbidden","vehicle_traffic_control ","Describes how motor vehicle traffic that passes through the crossing space is controlled.  ","Enum","Valid","uncontrolled
standard signal
flashing red signal
flashing yellow signal
yield sign
stop sign","","","","","",""
"forbidden","forbidden","forbidden","optional
T3:recommended","forbidden","forbidden","forbidden","forbidden","forbidden","forbidden","forbidden","forbidden","cross_vehicle_traffic_control ","Describes how motor vehicle traffic coming from cross streets is controlled. This traffic may or may not turn into the crossing space. For intersections with more than one cross street, list all of the control types present. ","Array<Enum>","Valid","uncontrolled
standard signal
flashing red signal
flashing yellow signal
yield sign
stop sign","","","","","",""
"forbidden","forbidden","forbidden","optional
T3:required","forbidden","forbidden","forbidden","forbidden","forbidden","forbidden","forbidden","forbidden","ped_traffic_control ","Describes the type of signal that controls the timing of pedestrian use of the crossing.  ","Enum","Valid","uncontrolled
standard signal
flashing red signal
flashing yellow signal
pedestrian hybrid beacon / HAWK
rectangular rapid flashing beacon
yield sign
stop sign","","","","","Avoid locale-relative terms like ""standard"" (or, in this case, reference the exact standard (like ""Vienna Convention, Article 23"") to compare against)",""
"forbidden","forbidden","forbidden","optional
T3:recommended","forbidden","forbidden","forbidden","forbidden","forbidden","forbidden","forbidden","forbidden","ped_protection","Lists any features of traffic control that are intended to improve the protection of pedestrians while crossing. ","Array<Enum>","Valid","scramble / all pedestrian interval
leading pedestrian interval
no right on red
raised sidewalk
none
unknown","","","","","",""
"optional
T3:recommended","forbidden","forbidden","optional
T3:recommended","forbidden","forbidden","forbidden","forbidden","forbidden","forbidden","forbidden","forbidden","traffic_calming","Used to identify traffic calming features along a road, shared-use path or crossing. Implies that feature is present alongside the entirety of the edge. 

The fields that the traffic calming element(s) affect should be modified (i.e., a road narrowing should reduce the road's width field from its typical value). Recommended values are from https://www.ite.org/pub/?id=2a60c136-b1c0-b231-0522-ccbd075cac84  and https://wiki.openstreetmap.org/wiki/Key:traffic_calming  ","Array<Text>","Recommended","for road edge type: 
corner extension / bulb out, choker, narrowed road, chicane, closure, mini roundabout, diagonal diverter, lateral shift, median barrier/forced turn island, raised intersection, realigned intersection, road narrowing, speed hump, speed table, traffic circle 
for crossing edge type:
raised crossing ","","","","","",""
"optional","optional","optional","optional","optional","optional","optional","optional","optional","optional","optional","forbidden","seasonal","Indicates whether the segment is commonly affected by seasonal issues. Use this field for recurring (ex. yearly flooding) and not one-time (ex. single flood) events. Include both the seasonal concern and the season when it occurs as a JSON String.","Array<Object>","Recommended","season: spring, summer, fall, winter
seasonal issues: flooding, ice, snow, heavy rain, heat / lack of shade, low visibility, fog, wind","{""flooding"":""spring"",""fall""}; {""ice"":""winter"",""heavy rain"":""summer""}","","","","This might be expanded to include time-dependent restrictions too--also do we want to define the seasons or require dates?

Best to not try to reinvent the wheel - if this is needed, I suggest adopting the well-developed OSM `opening_hours=*` schema. https://wiki.openstreetmap.org/wiki/Key:opening_hours

",""
"optional","optional
T2:required","optional
T3:required","optional
T2:required","optional
T3:required","optional
T3:required","optional","optional
T2:required","optional
T2:required","optional
T2:required","optional
T2:required","forbidden","surface_material","Specifies the material used for the surface of the segment as of the inspection in ""check_date""","Enum","Valid","asphalt
concrete
gravel
grass
dirt
paved
unpaved
grass_paver
paving_stones
other","","OSM, OSW","","","",""
"optional","optional
T3:recommended
T4:required","optional
T3:recommended
T4:required","optional
T3:recommended
T4:required","optional
T3:recommended
T4:required","optional
T3:recommended
T4:required","optional","optional","optional
T3:recommended
T4:required","optional
T3:recommended
T4:required","optional
T3:recommended
T4:required","forbidden","surface_issue","yes, no, cracking, scaling, spalling, uneven, frequent water pooling, heaving, missing bricks/stones, potholes/holes, slickness, detectable warning surface damage, longitudinal cracks and seams, other","Text","Recommended","yes, no, cracking, scaling, spalling, uneven, frequent water pooling, heaving, missing bricks/stones, potholes/holes, slickness, detectable warning surface damage, longitudinal cracks and seams, metal plates, other","","","","","",""
"forbidden","optional
T2:recommended","forbidden","forbidden","forbidden","forbidden","forbidden","forbidden","forbidden","forbidden","forbidden","forbidden","pedestrian_lane","Indicates whether the stretch of sidewalk is a pedestrian lane, in which a section of the roadway surface is divided out for pedestrian use.","Enum","Valid","","","","","","Is this about the markings maybe? Thinking aloud. e.g. could we say an edge has markings for pedestrians and that implies the roadway is divided out? Trying to again have this serve two uses...

Right now we have this attribute on the sidewalk edge, not the road edge -- ie, you'd create a stretch of sidewalk that's on the road space because it's pedestrian dedicated. Reid and I discussed where it makes the most sense to have it, and other possibilities also made sense to us.

I see. So it's a ""sidewalk"" edge that spatially overlaps a road, but you flag it's part of the road by setting this property to true?
","Added location designator

Further refinement for draft #3? Proposal would be to move this to a marking designator, and include centerline markings in this same attribute. "
"optional
T2:required","optional
T2:required","optional
T3:required","optional
T2:required","optional
T3:required","forbidden","forbidden","optional
T2:required","optional
T2:required","optional","optional
T3:required","forbidden","incline","The running slope of the full segment. Assume the given incline is in the forward direction of the edge, regardless of edge directionality. Report as percentage of the slope, with two decimal points of precision. Cannot be negative.","Float","NA","[JG1]Grabbed from NACTO Bike design guide","3.25","OSM, OSW","","Probably need a source field to go alongside this? Or a metadata thing?","",""
"optional","optional
T2:required","optional
T3:required","optional
T2:required","optional
T3:recommended","forbidden","forbidden","optional","optional
T3:recommended","optional
T3:recommended","optional
T3:recommended","forbidden","cross_slope","The cross slope of the edge at most points along its path. Cross slope is never reported in negative numbers. Report as percentage of the slope, with two decimal points of precision. Cannot be negative.","Float","NA","","","","","","",""
"optional","optional
T3:recommended","optional
T3:recommended","optional
T3:recommended","optional
T3:recommended","forbidden","forbidden","optional","optional
T3:recommended","optional","optional
T3:recommended","forbidden","cross_slope_max","The cross slope of the edge at the point along its path where there is the greatest slope. Report as percentage of the slope, with two decimal points of precision. Cannot be negative.","Float","NA","","","","","","",""
"forbidden","conditionally_required","conditionally_required","conditionally_required","conditionally_required","conditionally_required","conditionally_required","forbidden","conditionally_required","conditionally_required","conditionally_required","forbidden","ada_compliance_date","Indicates the date when ADA compliance was assessed. Report in RFC 3339 format containing day, month and year, or just month and year or year if day or month is not available.. This field is conditionally required if ""ada_compliant_with"" is filled out.","Date","NA","","2025-03
2014","","","","",""
"forbidden","conditionally_required","conditionally_required","conditionally_required","conditionally_required","conditionally_required","conditionally_required","forbidden","conditionally_required","conditionally_required","conditionally_required","forbidden","ada_compliant_with","If this infrastructure has been assessed for ADA compliance, the specific ADA guidelines or standards used in the assessment. Also fill out ""ada_compliance_date."" If no ADA assessment is being reported, leave blank.","Enum","Valid","2010
PROWAG","","","","","I know ADA has teeth to require compliance.  Any other regulations, such as MUTCD, that may be required to be followed as part of GATIS?
",""
"optional","optional
T3:recommended
T4:required","optional
T3:recommended
T4:required","optional
T3:recommended
T4:required","optional
T3:recommended
T4:required","optional
T3:recommended
T4:required","optional","optional","optional
T3:recommended
T4:required","optional
T3:recommended
T4:required","optional
T3:recommended
T4:required","forbidden","impediment","Identifies the presence of an object that may pose a challenge for travelers passing along this edge. Mark an edge with this attribute only if the impediment is close enough to the footpath/pedestrian way or bike path to potentially pose a challenge. If left blank, the assumed value for this attribute is “unknown.”","Array<Text>","Recommended","yes, no, low overgrowth (lower than 27""), high overgrowth (27"" or higher), sign, low protrusion (lower than 27""), high protrusion (27"" or higher), utility cover, stormwater grate, metal plate, metal decking (ex. on bridges), other surface impediment, other impediment ","","","","","Did this/should this get moved to a issue point type?",""
"forbidden","forbidden","forbidden","forbidden","forbidden","optional
T3:recommended
T4:required","forbidden","forbidden","forbidden","forbidden","forbidden","forbidden","step_count","The number of steps that make up this set of stairs. Must be greater than zero.","Integer","NA","","","","","Only valid for type=stairs","",""
"forbidden","forbidden","forbidden","forbidden","forbidden","optional
T3:recommended
T4:required","forbidden","forbidden","forbidden","forbidden","optional
T3:recommended
T4:required","forbidden","handrail","Whether a handrail is available on this set of stairs.","Boolean","Valid","yes, no","","","","Only valid for type=stairs","",""
"forbidden","forbidden","forbidden","optional
T3:recommended","forbidden","forbidden","forbidden","forbidden","forbidden","forbidden","forbidden","forbidden","rail_crossing","Used to indicate if a pedestrian or bicycle crossing is a railroad crossing. Use generic nodes to connect a rail crossing to the rest of the network. Note that there is also a value of ""rail tracks"" for the other_issue attribute for edges. Use rail_crossing for track crossings that people walking, rolling or biking will need to cross, and that have active rail traffic. The ""rail tracks"" value for other_issue can be used on other edge types or to identify remaining or unused tracks no longer traveled by trains.","Boolean","Valid","yes
no","","","","","","Suggest renaming: `railroad_crossing=yes|no`
"
"forbidden","optional
T3:recommended","optional
T3:recommended","optional
T2:recommended
T3:required","optional
T3:recommended","optional
T3:recommended","optional
T3:recommended","forbidden","optional
T3:recommended","optional
T3:recommended","forbidden","forbidden","visual_markings","The way the crossing is marked within the roadway space. “Standard” means two solid parallel lines that indicate the outline, “dashed lines” means two dashed parallel lines that indicate the outline, “zebra” means regularly spaced diagonal bars along its length, “continental” means regularly spaced horizontal bars along its length, and “ladder” means standard plus either zebra or continental.  ","Text","Recommended","yes
no
dashed lines
zebra
continental
ladder
transverse
other","","","","","Maybe add artistic? -Users can add anything besides the recommended values, but we can also add artistic to the recommended list 

Only applies to crossing type?",""
"optional","optional
T2:recommended
T3:required","optional
T2:recommended
T3:required","optional
T2:recommended
T3:required","optional
T2:recommended
T3:required","optional","optional","optional","optional","optional","optional","forbidden","tactile_marking","Indicates when tactile guidestrips or other markings are present to help identify the edge of a crosswalk or traffic island, the beginning or end of steps, or the presence of other infrastructure nearby, such as bike lanes. It is recommended to segment the edge so that this field is only equal to “yes” for the segment where the detectable warning appears. Do not use this field for tactile markings on curb ramps; instead, use the detectable_warning field for curb ramps.  ","Enum","Valid","yes
no
unknown","","","","","",""
"","","","","","","","","","","","","other_issue","Identifies whether this edge has another type of issue that may pose a challenge for travelers, besides impediments and surface damage. Includes design, construction and other issue types. Note that there is also an attribute for rail_crossing, which indicates if a crossing edge is a rail crossing. Use rail_crossing for track crossings that people walking, rolling or biking will need to cross, and that have active rail traffic. The ""rail tracks"" value here can be used on other edge types or to identify remaining or unused tracks no longer traveled by trains.","Text","Recommended","yes, no, detectable warning not aligned with crossing, push button not working, markings worn, markings missing, rail tracks, other","","","","","",""
