"Applies to these edge types","Name","Type","Presence","ML0","ML1","ML2","ML3","Description","Example Value","Rating for keeping (1 -5) (1 = throw out/table for later, 5 = keep/implement now)
Put Name Rating and then ',' for adding the next person","Notes","OSM Mapping?"
"all","edge_id","ID","Required","Ped: Required
Bike: Required","","","","Identifies the edge. Must be unique.","1234","Reid 5,","",""
"all","road_reference_id","ID","Optional","","Optional","","","Intended for sidewalks and bicycle facilities adjacent to streets. Allows for attaching road attributes to the sidewalks/bike facilities. Street name is useful for sidewalk routing, road characterstics are useful for determining the LTS of the bike facility.","","Reid 1, ","Do we want a way to specify which type the ID is? e.g. TMC ID, OSM ID, etc.? ",""
"all","road_reference_id_source","String (with recommended values)","Conditionally Required","","Required if road_reference_id is not blank","","","The specific source from which the road_reference_id comes, to enable data joining.","Census, ARNOLD, Overture, OSM","Reid 1, ","",""
"all","reference_ids","Array of JSONs","Optional","Ped: Optional
Bike: Optional","","","","Can be used to add reference IDs to other datasources such as OSM, OpenLR. Should be an array of JSONs with the source name and ID pair. Each JSON should contain an ID field and source field at minimum.","[{'id':'1234','source':'OpenStreetMap},{'GERSID:'1234','source':'Overture'}]","Reid 4,","",""
"all","from_node","ID","Required","Ped: Required
Bike: Required","","","","","1234","Reid 5,","",""
"all","to_node","ID","Required","Ped: Required
Bike: Required","","","","","1235","Reid 5,","",""
"all","directionality","Enum","Required","Ped: Required
Bike: Required","","","","Specifies directionality of the edge. If bidirectional is false then allowed direction is only 'from_node' to 'to_node': forward, backward, both","forward","Reid 5,","Could also just adapt OSM's oneway=yes/no/-1 but I don't like the -1 for backward","oneway"
"all","width","number","Optional","Ped: Optional
Bike: Optional","Ped: Required
Bike: Required","","","Width (assumed feet, specify in the metadata file if otherwise) of the described travel way considering both directions.","","Reid 5,","Is this based on the typical section width?? Or minimum along a segment? We need a policy for how this is decided. Or maybe make users aware that a consistent policy should inform their use",""
"all","*:units","String","Conditionally Required","Ped: Optional
Bike: Optional","","","","Used to specify the units for a particular attribute","feet, meters, miles, kilometers","Reid 1, ","Move to metadata if it's not already there",""
"all","surface_material","String with recommended values","Optional","Ped: Optional
Bike: Optional","Ped: Required
Bike: Required","","","Specifies the surface type. Recommened Values: asphalt, concrete, gravel, grass, dirt, paved, unpaved, grass_paver, paving_stones, other","","Reid 5,","too many values? too complex?",""
"all","incline","Decimal","Optional","Ped: Optional
Bike: Optional","Ped: Required","Bike: Recommended","","The running slope of the full segment. Always asume the given incline is in the foward direction regardless of allowed directions (i.e., ""from node"" to ""to node"").","","Reid 4,","Probably need a source field to go alongside this? Or a metadata thing?",""
"all","street_name","String","Optional","Ped: Optional
Bike: Optional","","","","Specifies the full name of the related street with no abbreviations. Roadway adjacent features (sidewalks, cycleways) should feature their adjacent road name.","","Reid 5,","",""
"all EXCEPT road","facility_name","String","Optional","Ped: Optional
Bike: Optional","","","","Common name for edge. Example: 10th Street Cycletrack, Lenape Trail, East Coast Greenway.","","Reid 2,","Makes sense but ill-defined?",""
"stairs","handrail","Boolean","Optional","","","Ped: Recommended","","Whether or not the stairs have a handrail.","","Reid 5,","",""
"stairs","step_count","Integer","Optional","Ped: Optional","","Ped: Recommended","","The number of steps within the set of stairs.","","Reid 4,","Not sure what this is for--JM: for people to determine if the stair is too many steps for them to go up or down? Accessibility? ",""
"crossing","markings","Enum","Optional","","Ped: Optional (yes/no values)","Ped: Recommended (specify type)","","The way the crossing is marked within the roadway space. Values: yes, no, standard (two solid parallel lines to indicate the outline), dashed lines (two dashed parallel lines to indicate the outline), zebra (regularly spaced diagonal bars along its length), continental (regularly spaced horizontal bars along its length), ladder (standard + zebra or continental), other rainbow or colored (for any non-pictogram markings in rainbow colors or colors other than white), pictograms (painted images of pedestrian and/or bicycle, with or without arrows). ","standard","Reid 5,","Consolidate the enumerated values",""
"crossing","markings_additional","List","Optional","","","Ped: Recommended","","Rainbow / colored / mural, tactile, pictograms (painted images of pedestrian and/or bicycle)","","Reid 2,","",""
"crossing","signal_type","String with recommended values","Optional","","","Ped: Recommended","","Type of signals that appear at the crossing. Values: bicycle signal, bicycle HAWK beacon, flashing beacon, edge lit, pedestrian hybrid beacon, pedestrian HAWK beacon, traffic signal","","Reid 2,","","https://wiki.openstreetmap.org/wiki/Tag:crossing=traffic_signals"
"crossing","signal_feature","string (with recommended values; if multiple, list in JSON format)","Optional","","","Ped: Recommended","","What additional features built into the signal enhance its usability and accessibility for a range of users. Values: signal duration over X seconds per lane (will need to figure out how to set X), countdown time displayed, push button, auto-detection, audio / vibrotactile walk indication, leading pedestrian interval, pedestrian scramble","","Reid 2,","",""
"crossing","traffic_control","String with recommended values","Optional","","","Ped: Recommended
Bike: Recommended","","What type of traffic control exists for this particular crossing. Values: uncontrolled, signalized, yield, stop, railroad crossing - signed, railroad crossing - signalized, railroad crossing - gate, railroad crossing - other, other. Note: This value is for this crossing segment. For example, if the intersection is a two-way stop, the crossings over the traffic lanes that have the stops would be marked ""stop,"" while the crossings over the traffic lanes with no stops would be ""uncontrolled.""","","Reid 4,","Helpful for low-effort implimentation of sidewalks/crossings data? Could also be derived from other data/nodes. Should this is an enumerated field with a domain of possible vlaues or have flexibility to describe however the analyst wants","https://wiki.openstreetmap.org/wiki/Tag:crossing=traffic%20signals?uselang=en"
"crossing","raised_tactile","string","Optional","","Ped: Optional (yes/no values)","Ped: Optional (specify type)","Ped: Optional (specify type)","yes, no, raised, textured, other","","","",""
"cycleway, sidewalks","separator_descriptive","List","Conditionally Required","Ped: Optional
Bike: Optional","Bike: Required if separator field is not none","","","The materials used to separate the cycleway or footpath from motor vehicle traffic -- for example, as part of a buffer. Values: bollards, concrete barrier, parking, median, trees, other","","Reid 4,","Do we need this for sidewalks? Or just make an assumption that most sidewalks are curb separated from the road?",""
"cycleway, sidewalk","buffer","Boolean","Optional","Ped: Optional
Bike: Recommended","","","","Whether or not there is buffer space between the road and a bicycle/pedestrian facility","TRUE","Reid 4,","Higher maturity level could use width but lower maturity level could be true/false? https://wiki.openstreetmap.org/wiki/Key:cycleway:buffer",""
"cycleway, sidewalk","buffer_width","Decimal","Optional","","","Bike: Recommended","","Distance between the edge of the motor vehicle travel lane and the bike lane or sidewalk in feet.","4","Reid 4,","",""
"cycleway, sidewalk","separator","Enum","Optional","Ped: Optional
Bike: Required","","","","Can a vehicle easily access this edge? Primarily intended for cycleways but could be used for pedestrian facilities. Options are: none, soft separator, hard separator","","Reid 5,","Need help with name, to describe whether a vehicle can traverse the buffer area into the bike lane or not. Different from whther a bike/ ped can traverse it. sperator.vehicle_acces?? ",""
"cycleway","separator_spacing","?","Optional","Ped: Optional
Bike: Optional","","","","Are the separator features spaced so far apart that their effectiveness is reduced? (https://nap.nationalacademies.org/catalog/28853/on-street-bicycle-facility-design-features-a-guide)","","Reid 2,","Seems subjective and hard to define but measures something important",""
"cycleway","vertical_separation","Enum","Optional","Ped: Optional
Bike: Optional","","","","Is the edge at road level, sidewalk level, or on it's own level?: road, sidewalk, cycleway","","Reid 2,","Added last minute but we don't currently have a way to track whether a bike facility has been raised to sidewalk level",""
"all","prohibited_uses","List Enum","Conditionally Required","Ped: Required if a restriction is present
Bike: Required if a restriction is present
","","","","Specifies, which types of users are legally prohibited from using the facility. Relates to the laws, policy, or signage on a facility (eg, E Bike prohibited on this trail)","","Reid 5,","Changed to prohibited uses. These should be really general. We can have another field to describe more specific restrictions like Class 1 ebikes only. Time based uses could be implemented in an extension file in a future version to account for regularly scheduled closed streets.",""
"all EXCEPT road","road_associated","Boolean","Optional","Bike: Optional
Ped: Optional","","","","Specifies if this feature is adjacent to a road. Might be able to be created through spatial analysis but intended to help add road attributes (street name, speeds, traffic volume) to the feature to aid with routing.","","Reid 3,","This might be redundant. Make sure name matches other terms used in the spec eg 'Roadway Adjacent', 'Road parallel' , 'Road assocaited'

I would say this is defacto true if road_reference_id is set to anything right?",""
"stairs","wheel_channel","Boolean","Optional","","Recommended","","","Wheel channels in stairs for bicycles.","","Reid 4,","Only valid on stairs?",""
"multi_use_path","mup_modal_delineation","Boolean","Optional","","","Ped: Optional","Ped: Optional","Mostly intended for multi-use/shared-use paths to designate whether bikes and pedestrians have designated spaces on a multi-use/shared-use path","FALSE","","Need help with attribute name",""
"road","*:left:*","Modifier","Conditionally Required","Ped: Required if sidewalk is being represented on the road centerline
Bike: Required if cycleway is being represented on the road centerline AND the cycleway is not symettrical","","","","Special field that is used on road centerlines to specify information about sidewalks/bike facilities on road centerline only networks. The '*' takes on an ""edge type"" value and then an additional '*' is used to reference the inherited fields for that type.","left.sidewalk.width=5; bikelane.left.separation=none","","Lots of different ways we could do this but would be nice to keep it structured using the link types. Unsure about the order of left",""
"road","*:right:*","Modifier","Conditionally Required","","","","","Special field that is used on road centerlines to specify information about sidewalks/bike facilities on road centerline only networks. The '*' takes on an ""edge type"" value and then an additional '*' is used to reference the inherited fields for that type.","","","",""
"road","*:both:*","Modifier","Conditionally Required","","","","","Special field that is used on road centerlines to specify information about sidewalks/bike facilities on road centerline only networks. The '*' takes on an ""edge type"" value and then an additional '*' is used to reference the inherited fields for that type.","","","",""
"road, cycleway","street_parking","Enum","Optional","Ped: Optional
Bike: Optional","Bike: Recommended","","","Field intended to indicate orientation of street parking in relation to a bike facility. ""left"" means that the street parking is to the left of the bike facility relative to the direction of that bicycle facility. ""right"" means that the street parking is to the right of bike facility (alongside the curb) relative to the direction of the bike facility.","not next to lane","Reid 5,","","https://wiki.openstreetmap.org/wiki/Street_parking"
"road","street_parking_buffer","Decimal","Optional","Ped: Optional","","Bike: Recommened","","The space between a bicycle facility and the street parking.","","Reid 4,","",""
"all","date_built","Date in RFC 3339 format","Optional","Ped: Optional
Bike: Optional","","Ped: Recommended
Bike: Recommended","","Month year, maybe just year that facility officially opened/was created?","","","",""
"all","width:min","decimal","Optional","","Ped: Optional","Ped: Recommended","Ped: Recommended","Extension for width. Requires a width.","","","",""
"all","width:max","decimal","Optional","","","Ped: Optional","Ped: Optional","Extension for width. Requires a width.","","2","",""
"all","width","decimal","Optional","Ped: Optional","Ped: Required","Ped: Required","Ped: Required","Extension for width. Requires a width.","","","",""
"all","bridge","boolean","","Ped: Optional","Ped: Optional","Ped: Recommended","Ped: Recommended","Used to indicate if edge is or is on a bridge.","","Reid 5,","Could this be inferred if altitude is set to anything > 0? ",""
"road, cycleway","cycleway_type","enum","Required","Bike: Required","","","","Used to get the general type of bicycle infrastructure. Possible values are: route, lane, cycletrack. Multi-use paths and shared use paths are labelled separately.","","","",""
"road, cycleway","cycleway_type_descriptive","string","Optional","","","","","Option to put a more human readable descriptive name for the type of bicycle facility. Strongly reccomend using on of  the National Bicycle Network Definitions if at all possible (https://data.transportation.gov/stories/s/National-Bicycle-Network/88zh-3rqb/)","","Paul 5, needs better name!","Have suggested field values",""
"sidewalk, crossing, footway, traffic_island","cross_slope","number","Optional. Shouldn't be","","Ped: Optional","Ped: Required","Ped: Required","Cross slope of the segment, probably worst case. Extended to include mix, max, and avg if that data is available","","","",""
"sidewalk, crossing, footway, traffic_island","cross_slope.min","number","Optional","","Ped: Optional","Ped: Optional","Ped: Optional","Extension for crossslope. Requires measures along a segment.","","2","Final form could be storing this at the node level",""
"sidewalk, crossing, footway, traffic_island","cross_slope.max","number","Optional","Ped: Optional","Ped: Optional","Ped: Optional","Ped: Optional","Extension for crossslope. Requires measures along a segment.","","","",""
"sidewalk, crossing, footway, traffic_island","cross_slope","number","Optional","","","","","Extension for crossslope. Requires measures along a segment.","","","",""
"road","curb_height","number","Optional","","","Ped: Optional","Ped: Optional","Indicates typical height of the curb along this segment of the road; can be used in deciding whether to route specific pedestrians off the sidewalk when there are obstructions or discontinuities.","","","","https://wiki.openstreetmap.org/wiki/Key:kerb#Kerb_height"
"road","traffic_volume","number","","","","","","Average annual daily traffic (AADT) for the segment","","3","Might be nice to have metadata about the source",""
"road","traffic_noise","number","","","","","","Average noise in decibels for the segment; can be obtained from National Transportation Noise Map","","3","Useful to go ahead and have but this could be a layer BTS or a tool adds in the validation step?",""
"all","level_of_stress","number","Optional","","Ped: Optional","","","Level of traffic stress, calculated using any preferred methodology.","","Reid 3,","At least constrain to a 1 to 4 scale? Should it be by the bike facility or apply to the entire to the entire road?",""
"all","level_of_stress_method","string (with recommended values)","Conditionally Required if level_of_stress is filled in","","Required if level_of_stress is filled in","","","The methodology used to calculate level_of_stress","","Reid 3,","",""
"all","surface_quality","string (with recommended values)","","","Ped: Optional","Ped: Recommended","Ped: Recommended as node instead","Description of surface quality issues for the segment. If the quality is good, leave blank. In levels 0-2, use this field for any surface quality issues. In level 3, use the issue node to indicate quality issues at a single point, and this field to indicate quality issues that span the majority of the segment.","cracking, slipping hazard, paint/marking faded or other issue","","",""
"all","seasonal","string (with recommended values)","","","","Ped: Optional","Ped: Optional","Indicates whether the segment is commonly affected by seasonal issues. Use this field for recurring (ex. yearly flooding) and not one-time (ex. single flood) events. Include the season(s) of occurence, and use JSON string format.","{""flooding"":""spring"",""fall""}; {""ice"":""winter"",""heavy rain"":""summer""}","","",""
"sidewalk, crossing, footway, traffic_island","ada_compliance","enum","","Ped: Optional","Ped: Recommended","Ped: Recommended","Ped: Recommended","Indicates the outcome of assessment for ADA compliance","yes, no, unknown","","Isn't this a value-laden statement? Break down into specific attributes that drive yes or no? ",""
"sidewalk, crossing, footway, traffic_island","ada_compliance_date","Date in RFC 3339 format","Recommended if ada_compliance is filled in","Ped: Optional","Ped: Required if ada_compliance is filled in","Ped: Required if ada_compliance is filled in","Ped: Required if ada_compliance is filled in","Indicates the date when ADA compliance was assessed.","","","",""
"crossing, cycleway, bikelane","traffic_calming","string (with recommended values)","","Ped: Optional","Ped: Optional","Ped: Optional","Ped: Optional","What type of traffic calming measure is present on the segment. Indicate traffic calming that a person using this infrastructure would encounter on this segment -- for example, curb extensions would be encountered on any type, but speed bumps won't be encountered in crossings.","curb extension / bulb out, narrowed road, chicane, speed hump, speed limit reduction, roundabout, raised crossing or intersection, road texture","Reid 2,","Important information but too vauge in its current form",""
"all","status","enum","","Ped: Optional","Ped: Recommended","Ped: Required","Ped: Required","Most recent operating status of the segment: open, closed, under construction","closed","Reid 3,","",""
"road","speed","JSON","Optional","Ped: Optional
Bike: Optional","","","","In Miles Per Hour. Used to indicate posted or prevailing speed.","","","I this would be an extension? Can put in 85th percentile speed or a generic prevailing speed value to detail the actual speed of cars on a road if they differ from the speed limit?",""
"road","motor_vehicle_traffic_volume","JSON","Optional","","","","","Need to specify units. ADT vs AADT vs vehicles per hour","","Reid 3,","Same as speed",""
"road","lanes","integer","","","","","","Describes the number of vehicle travel lanes on an edge. Does not include turn lanes or shoulders.","","Reid 3,","Convention is to not count auxilliary lanes/turn lanes/slip lane/etc but obviously these would be relevant for pedestrians and bike because it increases the crossing distance. I think my preference would be to count everything but it would make the data more interoperable to keep turn lanes counted separately.","https://wiki.openstreetmap.org/wiki/Lanes"
"road","aux_lanes","integer","","","","","","Describes the number of temporary vehicle lanes like turn lanes.","","Reid 2,","",""
"road","shoulder","boolean","Optional","","","","","Shoulders are sometimes used for pedestrian and bike travel. Especially in rural areas.","","","",""
"road","painted_centerline","boolean","","","","","","Indicates if there is a painted road centerline. Might be a useful attribute to track for finding low-stress streets. Montgomery County uses center line presence in their LTS methodology (https://montgomeryplanning.org/wp-content/uploads/2017/11/Appendix-D.pdf)","","","",""
"road","separate_tag?","boolean","","","","","","In OSM, there is a cycleway=separate/sidewalk=separate tag that can be used to indicate that there is a sidewalk/cycleway but that it's separately mapped.","","","","https://wiki.openstreetmap.org/wiki/Tag:cycleway%3Dseparate#:~:text=cycleway%20%3D%20separate%20indicates%20that%20a,to%20sidewalk%20%3D%20separate%20for%20sidewalks."
"all EXCEPT road","presence","modifier, boolean","Optional","","","","","Basic tag that's used for saying sidewalks or cycleways exist and other attributes exist. Used when detail is not available. Values: yes, no, missing, unknown","cycleway:left:presence=yes, cycleway:right:buffer:presence=yes","","",""
"all","check_date","Date in RFC 3339 format","","","","","","Metadata field indicating the last time this edge was inspected?","","","",""
"sidewalk","pedestrian_lane","boolean","","","Ped: Optional","Ped: Optional","Ped: Optional","Indicates whether the edge is a pedestrian lane, in which a section of the roadway surface is divided out for pedestrian use.","yes, no","","",""
"trail","official","boolean","","","Ped: Optional","Ped: Optional","Ped: Optional","Indicates whether a trail has been officially designated by a government body or other recognized organization.","yes, no","","",""
"sidewalk, crossing, footway, traffic island","obstruction","string (with recommended values)","","","","Ped: Optional (temporary / permanent values only)","Ped: Recommended (list specific issue)","Indicates what type of obstruction exists at the node point. For obstructions that occur repeatedly along the length of an edge, use the quality attribute on the related edge instead.","temporary, permanent, pole, overgrowth, height obstruction, protrusion, street furniture","","Why do we have a present yes/no then type? Why not just collapse into one field? ",""
"crossing, footpath, sidewalk","bike_allowed","","","","","","","Used with pedestrian features to allow for complicated routing between mutli-use paths and the road. Used where mutli-use path is inapropriate","","","",""
"road","bike_in_bus_lane","","","","Bike: Recommended","","","Used for specifying if the road has bus lane that bikes are allowed in","","","",""
"crossing","bike_crossing","","","","","","","Used to indidicate a dedicated bicycle crossing through an intersection","","","",""
"road","pocket_lane","Enum","Optional","","","Bike: Recommended","","Used to identify lanes that are in between turn lanes. Recommended values are: left, right, both","","","https://dot.ca.gov/-/media/dot-media/programs/research-innovation-system-information/documents/final-reports/ca17-2836-finalreport-a11y.pdf","https://wiki.openstreetmap.org/wiki/Lanes#Crossing_with_a_designated_lane_for_bicycles"
